3479,rt
2154,the
2152,to
1774,a
1739,#fitness
1488,and
1175,you
1106,for
1076,of
918,in
850,your
842,is
692,with
562,#workout
543,#gym
538,on
524,my
514,this
457,#exercise
454,i
446,at
437,have
432,#health
420,.
414,de
392,be
392,are
383,our
383,&amp;
371,-
344,get
320,it
305,#fit
294,#muscle
292,from
286,y
278,do
271,out
268,we
257,can
254,that
248,day
242,new
237,no
225,if
225,how
217,more
217,just
211,workout
209,when
206,what
205,me
204,time
203,all
200,as
199,fitness
192,will
190,#fitfam
187,but
186,or
178,#motivation
173,an
173,#bodybuilding
170,so
170,like
170,by
166,up
162,good
159,que
155,not
152,gym
151,about
150,one
149,#strength
146,exercise
142,see
137,after
135,work
135,great
135,en
1799,rt
1160,the
1114,to
939,#fitness
936,a
805,and
632,for
627,you
530,of
467,in
438,your
422,is
367,with
296,my
280,this
273,i
269,on
266,#gym
257,#workout
245,at
230,have
218,#exercise
214,#health
210,.
201,get
200,-
199,be
199,&amp;
198,our
181,de
180,#fit
178,it
177,are
161,#muscle
160,from
149,do
148,more
140,day
138,out
137,just
134,that
125,new
124,will
124,we
120,workout
120,if
119,me
119,can
113,but
111,what
110,or
108,all
105,#fitfam
104,no
103,when
102,as
100,how
99,time
98,up
96,by
95,so
94,about
93,fitness
92,#bodybuilding
91,an
90,y
90,like
88,#motivation
84,work
82,way
81,always
80,one
80,gym
79,great
79,after
79,#training
79,#fitness‚Ä¶
78,now
75,good
73,see
69,some
68,his
67,take
67,body
66,training
66,#strength
64,these
64,back
62,que
62,#‚Ä¶
60,exercise
59,not
59,health
59,el
58,via
58,today
58,check
57,üí™
57,‚û°Ô∏è
57,us
56,make
56,love
56,#healthy
55,help
55,first
54,para
54,has
54,en
54,being
54,2
54,#yoga
53,üî•üî•
53,vids
53,https://t.co/sewqhlyzk0
53,best
53,@gayfanatics:
52,who
52,want
52,pecs
52,it's
52,https://t.co/zea3ztwt5y
52,bounce
51,need
51,i‚Äôm
51,go
51,give
50,into
49,‚Ä¢
49,please
49,here
49,#booty
48,#fitlife
47,than
47,may
47,few
47,#transformationtuesday
47,#ramadan2018
46,come
45,was
45,#abs
45,!
44,la
44,blessed
43,thanks
43,people
43,join
43,#fitnessmotivation
42,morning
42,month.
42,hard
42,#running
42,#mentalhealth
42,#blessings
41,ramazan
41,mubarak
41,all!!!!
41,#prayers
41,#generosity
40,#wellness
39,3
38,un
38,top
38,they
38,know
38,keep
38,healthy
38,fun
38,@faisaljavedkhan:
38,#workoutwednesday
38,#wednesdaymotivation
38,#diet
37,ready
37,off
37,made
37,got
37,#fitspo
36,why
36,set
36,post
36,only
36,never
36,full
36,free
36,fit
36,#weightloss
35,weeks
35,looking
35,5
35,#hot
35,#gymlife
34,try
34,those
34,eat
33,which
33,watch
33,walking
33,part
32,stay
32,follow
32,#inspiration
31,weight
31,thinking
31,there
31,radio
31,physical
31,muscle
31,con
31,benefits
31,amazing
31,#wednesdaywisdom
31,#hardbody
31,#boxing
30,very
30,te
30,los
30,i'm
30,feel
30,days
30,#glutes
29,working
29,si
29,se
29,running
29,most
29,her
29,happy
29,going
29,getting
29,been
29,#gay
28,win
28,una
28,u
28,read
28,old
28,move
28,live
28,brave
